{
  "project_info": {
    "project_number": "270835313971",
    "firebase_url": "https://marvelmovies-66d0d.firebaseio.com",
    "project_id": "marvelmovies-66d0d",
    "storage_bucket": "marvelmovies-66d0d.appspot.com"
  },
  "client": [
    {
      "client_info": {
        "mobilesdk_app_id": "1:270835313971:android:903e1831872f312bdaa246",
        "android_client_info": {
          "package_name": "com.example.movies"
        }
      },
      "oauth_client": [
        {
          "client_id": "270835313971-i4hl9tfjhid6t7ru750k1bgq679uu4jd.apps.googleusercontent.com",
          "client_type": 1,
          "android_info": {
            "package_name": "com.example.movies",
            "certificate_hash": "0988613ffd04266ad0a4db8abf208b0872da78b6"
          }
        },
        {
          "client_id": "270835313971-l71certqn6g7i89igss59hsinkdbi5fe.apps.googleusercontent.com",
          "client_type": 3
        }
      ],
      "api_key": [
        {
          "current_key": "AIzaSyBVeGXWC6eiLUIwrG0I1bQWbG1Kp7Q4IM8"
        }
      ],
      "services": {
        "appinvite_service": {
          "other_platform_oauth_client": [
            {
              "client_id": "270835313971-l71certqn6g7i89igss59hsinkdbi5fe.apps.googleusercontent.com",
              "client_type": 3
            }
          ]
        }
      }
    },
    {
      "client_info": {
        "mobilesdk_app_id": "1:270835313971:android:c90c203e9abd6513daa246",
        "android_client_info": {
          "package_name": "com.moodup.movies.production"
        }
      },
      "oauth_client": [
        {
          "client_id": "270835313971-fuau7ruqvic31amd81aa6l80jki7ce5i.apps.googleusercontent.com",
          "client_type": 1,
          "android_info": {
            "package_name": "com.moodup.movies.production",
            "certificate_hash": "0988613ffd04266ad0a4db8abf208b0872da78b6"
          }
        },
        {
          "client_id": "270835313971-l71certqn6g7i89igss59hsinkdbi5fe.apps.googleusercontent.com",
          "client_type": 3
        }
      ],
      "api_key": [
        {
          "current_key": "AIzaSyBVeGXWC6eiLUIwrG0I1bQWbG1Kp7Q4IM8"
        }
      ],
      "services": {
        "appinvite_service": {
          "other_platform_oauth_client": [
            {
              "client_id": "270835313971-l71certqn6g7i89igss59hsinkdbi5fe.apps.googleusercontent.com",
              "client_type": 3
            }
          ]
        }
      }
    },
    {
      "client_info": {
        "mobilesdk_app_id": "1:270835313971:android:ed09756b3e6ed69bdaa246",
        "android_client_info": {
          "package_name": "com.moodup.movies.staging"
        }
      },
      "oauth_client": [
        {
          "client_id": "270835313971-4rfrh11qmimpsi3mhesa5pp5jc0r3ubp.apps.googleusercontent.com",
          "client_type": 1,
          "android_info": {
            "package_name": "com.moodup.movies.staging",
            "certificate_hash": "0988613ffd04266ad0a4db8abf208b0872da78b6"
          }
        },
        {
          "client_id": "270835313971-l71certqn6g7i89igss59hsinkdbi5fe.apps.googleusercontent.com",
          "client_type": 3
        }
      ],
      "api_key": [
        {
          "current_key": "AIzaSyBVeGXWC6eiLUIwrG0I1bQWbG1Kp7Q4IM8"
        }
      ],
      "services": {
        "appinvite_service": {
          "other_platform_oauth_client": [
            {
              "client_id": "270835313971-l71certqn6g7i89igss59hsinkdbi5fe.apps.googleusercontent.com",
              "client_type": 3
            }
          ]
        }
      }
    }
  ],
  "configuration_version": "1"
}